[
  {
    "title": "Site Security",
    "questions": [
      {
        "id": "1",
        "title": "Is perimeter hoarding secure with separate access for vehicles and pedestrians?",
        "scoreType": {
          "Compliant": 2,
          "Non_Compliant": -2,
          "Scope_for_improvement": -1,
          "Commendable": 2,
          "NA": 0
        },
        "maxScore": 2,
        "selectedScoreType": "Compliant",
        "score": 2,
        "notes": "hu"
      },
      {
        "id": "2",
        "title": "Are all access gates closed",
        "scoreType": {
          "Compliant": 2,
          "Non_Compliant": -2,
          "Scope_for_improvement": -1,
          "Commendable": 2,
          "NA": 0
        },
        "maxScore": 2,
        "selectedScoreType": "Compliant",
        "score": 2,
        "actions": [
          {
            "id": "a49ebbba-59d3-4059-ac06-882aad4fc19c",
            "action": "this is a action",
            "requiredDate": "2023-04-25",
            "subcontractor": "David flow test new"
          }
        ]
      },
      {
        "id": "3",
        "title": "Is there adequate construction notices / signage displayed on site hoarding?",
        "scoreType": {
          "Compliant": 2,
          "Non_Compliant": -2,
          "Scope_for_improvement": -1,
          "Commendable": 2,
          "NA": 0
        },
        "maxScore": 2,
        "selectedScoreType": "Compliant",
        "score": 2,
        "notes": "f",
        "actions": [
          {
            "id": "82552837-c8ee-4127-bb57-7a721f5c849a",
            "action": "f",
            "requiredDate": "2023-04-25",
            "subcontractor": "24/7 Diamond Drilling "
          }
        ]
      },
      {
        "id": "4",
        "title": "Site Register in place and completed by those arriving and leaving site",
        "scoreType": {
          "Compliant": 2,
          "Non_Compliant": -2,
          "Scope_for_improvement": -1,
          "Commendable": 1,
          "NA": 0
        },
        "maxScore": 2,
        "actions": [
          {
            "id": "2dc1bc1e-3fda-4603-9522-32636ac67d94",
            "action": "this is a action",
            "requiredDate": "2023-04-25",
            "subcontractor": "test account"
          }
        ],
        "notes": "d",
        "selectedScoreType": "Compliant",
        "score": 2
      },
      {
        "id": "5",
        "title": "Are there other breaches to site security not noted above? ",
        "scoreType": {
          "Compliant": 2,
          "Non_Compliant": -2,
          "Scope_for_improvement": -1,
          "Commendable": 2,
          "NA": 0
        },
        "maxScore": 2,
        "actions": [
          {
            "id": "8c76f5ff-6bed-4565-b08c-601d90895ff0",
            "action": "test",
            "requiredDate": "2023-04-25",
            "subcontractor": "test account"
          }
        ],
        "selectedScoreType": "Compliant",
        "score": 2
      }
    ],
    "totalAnswered": 5,
    "totalNotes": 3,
    "totalActions": 4
  },
  {
    "title": "Site Setup",
    "questions": [
      {
        "id": "6",
        "title": "Have statutory notices been displayed? (Hoarding licence, AF1/2, F10, Insurances, H&S Policy documents etc)",
        "scoreType": {
          "Compliant": 2,
          "Non_Compliant": -2,
          "Scope_for_improvement": -1,
          "Commendable": 2,
          "NA": 0
        },
        "maxScore": 2,
        "selectedScoreType": "NA",
        "score": 0
      },
      {
        "id": "7",
        "title": "Have statutory notices and signage been displayed? (Fire & emergency, assembly point, smoking area etc)",
        "scoreType": {
          "Compliant": 2,
          "Non_Compliant": -2,
          "Scope_for_improvement": -1,
          "Commendable": 2,
          "NA": 0
        },
        "maxScore": 2,
        "selectedScoreType": "NA",
        "score": 0
      },
      {
        "id": "8",
        "title": "Is there designated parking for site vehicles?",
        "scoreType": {
          "Compliant": 2,
          "Non_Compliant": -2,
          "Scope_for_improvement": -1,
          "Commendable": 2,
          "NA": 0
        },
        "maxScore": 2,
        "selectedScoreType": "NA",
        "score": 0
      },
      {
        "id": "9",
        "title": "Are there other breaches to site set-up not noted above?",
        "scoreType": {
          "Compliant": 2,
          "Non_Compliant": -2,
          "Scope_for_improvement": -1,
          "Commendable": 2,
          "NA": 0
        },
        "maxScore": 2,
        "selectedScoreType": "NA",
        "score": 0
      }
    ],
    "totalAnswered": 4,
    "totalNotes": 0,
    "totalActions": 0
  },
  {
    "title": "Access Routes",
    "questions": [
      {
        "id": "10",
        "title": "Have access routes been established?",
        "scoreType": {
          "Compliant": 2,
          "Non_Compliant": -2,
          "Scope_for_improvement": -1,
          "Commendable": 2,
          "NA": 0
        },
        "maxScore": 2,
        "selectedScoreType": "NA",
        "score": 0
      },
      {
        "id": "11",
        "title": "Is suitable segregation in place for pedestrians?",
        "scoreType": {
          "Compliant": 2,
          "Non_Compliant": -2,
          "Scope_for_improvement": -1,
          "Commendable": 2,
          "NA": 0
        },
        "maxScore": 2,
        "selectedScoreType": "NA",
        "score": 0
      },
      {
        "id": "12",
        "title": "Are access routes free from obstructions?",
        "scoreType": {
          "Compliant": 2,
          "Non_Compliant": -2,
          "Scope_for_improvement": -1,
          "Commendable": 2,
          "NA": 0
        },
        "maxScore": 2,
        "selectedScoreType": "NA",
        "score": 0
      },
      {
        "id": "13",
        "title": "Are approach roads free from muck and debris?",
        "scoreType": {
          "Compliant": 2,
          "Non_Compliant": -2,
          "Scope_for_improvement": -1,
          "Commendable": 2,
          "NA": 0
        },
        "maxScore": 2,
        "selectedScoreType": "NA",
        "score": 0
      },
      {
        "id": "14",
        "title": "Are there other breaches to access routes not noted above?",
        "scoreType": {
          "Compliant": 2,
          "Non_Compliant": -2,
          "Scope_for_improvement": -1,
          "Commendable": 2,
          "NA": 0
        },
        "maxScore": 2,
        "selectedScoreType": "NA",
        "score": 0
      }
    ],
    "totalAnswered": 5,
    "totalNotes": 0,
    "totalActions": 0
  },
  {
    "title": "Project Documentation",
    "questions": [
      {
        "id": "15",
        "title": "Is project documentation available and up to date? (Prelim, CHSCP, AF1,2 / F10, TMP etc)",
        "scoreType": {
          "Compliant": 2,
          "Non_Compliant": -2,
          "Scope_for_improvement": -1,
          "Commendable": 2,
          "NA": 0
        },
        "maxScore": 2,
        "selectedScoreType": "Compliant",
        "score": 2,
        "actions": [
          {
            "id": "bf93fecb-25ff-49a2-a727-42c533f09aaa",
            "action": "this is a action",
            "requiredDate": "2023-04-25",
            "subcontractor": "24/7 Diamond Drilling "
          }
        ],
        "notes": "gbh"
      }
    ],
    "totalAnswered": 1,
    "totalNotes": 1,
    "totalActions": 1
  },
  {
    "title": "Project Management",
    "questions": [
      {
        "id": "16",
        "title": "Is there adequate supervision for activities taking place on site?",
        "scoreType": {
          "Compliant": 2,
          "Non_Compliant": -2,
          "Scope_for_improvement": -1,
          "Commendable": 2,
          "NA": 0
        },
        "maxScore": 2,
        "selectedScoreType": "Compliant",
        "score": 2
      },
      {
        "id": "17",
        "title": "Are there other breaches to project management not noted above?",
        "scoreType": {
          "Compliant": 2,
          "Non_Compliant": -2,
          "Scope_for_improvement": -1,
          "Commendable": 2,
          "NA": 0
        },
        "maxScore": 2,
        "selectedScoreType": "Compliant",
        "score": 2,
        "actions": [
          {
            "id": "29ead4c1-9b12-4383-bad1-dbe6cc991ad5",
            "action": "jhnjk",
            "requiredDate": "2023-04-25",
            "subcontractor": "3MB Engineering Ltd"
          }
        ]
      }
    ],
    "totalAnswered": 2,
    "totalNotes": 0,
    "totalActions": 1
  },
  {
    "title": "Site Documentation",
    "questions": [
      {
        "id": "18",
        "title": "Are weekly registers completed for H&S and Env Monitoring, TW checks etc",
        "scoreType": {
          "Compliant": 2,
          "Non_Compliant": -2,
          "Scope_for_improvement": -1,
          "Commendable": 2,
          "NA": 0
        },
        "maxScore": 2,
        "notes": "egr",
        "selectedScoreType": "Compliant",
        "score": 2
      },
      {
        "id": "19",
        "title": "Are Toolbox talks completed at the required intervals",
        "scoreType": {
          "Compliant": 2,
          "Non_Compliant": -2,
          "Scope_for_improvement": -1,
          "Commendable": 2,
          "NA": 0
        },
        "maxScore": 2
      },
      {
        "id": "20",
        "title": "Are weekly inspections completed for work at height equipment (GA3)",
        "scoreType": {
          "Compliant": 2,
          "Non_Compliant": -2,
          "Scope_for_improvement": -1,
          "Commendable": 2,
          "NA": 0
        },
        "maxScore": 2
      },
      {
        "id": "21",
        "title": "Are weekly inspections completed for plant and lifting equipment (GA2)",
        "scoreType": {
          "Compliant": 2,
          "Non_Compliant": -2,
          "Scope_for_improvement": -1,
          "Commendable": 2,
          "NA": 0
        },
        "maxScore": 2
      },
      {
        "id": "22",
        "title": "Are there other breaches to site documentation not noted above?",
        "scoreType": {
          "Compliant": 2,
          "Non_Compliant": -2,
          "Scope_for_improvement": -1,
          "Commendable": 2,
          "NA": 0
        },
        "maxScore": 2
      }
    ],
    "totalAnswered": 1,
    "totalNotes": 1,
    "totalActions": 0
  },
  {
    "title": "Risk Assessments",
    "questions": [
      {
        "id": "23",
        "title": "Have contractors submitted RAMS (& Safety statements if applicable) for their works",
        "scoreType": {
          "Compliant": 3,
          "Non_Compliant": -3,
          "Scope_for_improvement": -1,
          "Commendable": 3,
          "NA": 0
        },
        "maxScore": 3
      },
      {
        "id": "24",
        "title": "Have site personnel signed RAMS ",
        "scoreType": {
          "Compliant": 3,
          "Non_Compliant": -3,
          "Scope_for_improvement": -1,
          "Commendable": 3,
          "NA": 0
        },
        "maxScore": 3
      },
      {
        "id": "25",
        "title": "Are there other breaches to Risk Assessments not noted above?",
        "scoreType": {
          "Compliant": 2,
          "Non_Compliant": -2,
          "Scope_for_improvement": -1,
          "Commendable": 2,
          "NA": 0
        },
        "maxScore": 2
      }
    ],
    "totalAnswered": 0,
    "totalNotes": 0,
    "totalActions": 0
  },
  {
    "title": "Induction & Training",
    "questions": [
      {
        "id": "26",
        "title": "Have personnel been inducted to the project",
        "scoreType": {
          "Compliant": 2,
          "Non_Compliant": -2,
          "Scope_for_improvement": -1,
          "Commendable": 2,
          "NA": 0
        },
        "maxScore": 2
      },
      {
        "id": "27",
        "title": "Are training and skill cards retained / available on file",
        "scoreType": {
          "Compliant": 3,
          "Non_Compliant": -3,
          "Scope_for_improvement": -1,
          "Commendable": 3,
          "NA": 0
        },
        "maxScore": 3
      },
      {
        "id": "28",
        "title": "Are there other breaches to induction & training not noted above?",
        "scoreType": {
          "Compliant": 2,
          "Non_Compliant": -2,
          "Scope_for_improvement": -1,
          "Commendable": 2,
          "NA": 0
        },
        "maxScore": 2
      }
    ],
    "totalAnswered": 0,
    "totalNotes": 0,
    "totalActions": 0
  },
  {
    "title": "Plant & Equipment",
    "questions": [
      {
        "id": "29",
        "title": "Are GA1/TE Certs available for certified plant and equipment (Lifting equipment, chains, slings, hooks, clamps etc)",
        "scoreType": {
          "Compliant": 2,
          "Non_Compliant": -2,
          "Scope_for_improvement": -1,
          "Commendable": 2,
          "NA": 0
        },
        "maxScore": 2
      },
      {
        "id": "30",
        "title": "Has the user been trained & are they aware of the particular risks/identified hazards associated with that piece of work equipment.",
        "scoreType": {
          "Compliant": 2,
          "Non_Compliant": -2,
          "Scope_for_improvement": -1,
          "Commendable": 2,
          "NA": 0
        },
        "maxScore": 2
      },
      {
        "id": "31",
        "title": "Does plant and equipment appear in good order and fit for purpose with guards fitted where required.  Are lights, beacons and mirrors all working?",
        "scoreType": {
          "Compliant": 2,
          "Non_Compliant": -2,
          "Scope_for_improvement": -1,
          "Commendable": 2,
          "NA": 0
        },
        "maxScore": 2
      },
      {
        "id": "32",
        "title": "Is plant and equipment being operated in a safe manner?",
        "scoreType": {
          "Compliant": 2,
          "Non_Compliant": -2,
          "Scope_for_improvement": -1,
          "Commendable": 2,
          "NA": 0
        },
        "maxScore": 2
      },
      {
        "id": "33",
        "title": "Are all guards in  position. ",
        "scoreType": {
          "Compliant": 2,
          "Non_Compliant": -2,
          "Scope_for_improvement": -1,
          "Commendable": 2,
          "NA": 0
        },
        "maxScore": 2
      },
      {
        "id": "34",
        "title": "Are there other breaches to plant and equipment not noted above?",
        "scoreType": {
          "Compliant": 2,
          "Non_Compliant": -2,
          "Scope_for_improvement": -1,
          "Commendable": 2,
          "NA": 0
        },
        "maxScore": 2
      }
    ],
    "totalAnswered": 0,
    "totalNotes": 0,
    "totalActions": 0
  },
  {
    "title": "Lifting Operations",
    "questions": [
      {
        "id": "35",
        "title": "Has a lift plan been completed and briefed to relevant personnel",
        "scoreType": {
          "Compliant": 2,
          "Non_Compliant": -2,
          "Scope_for_improvement": -1,
          "Commendable": 2,
          "NA": 0
        },
        "maxScore": 2
      },
      {
        "id": "36",
        "title": "Are exclusion zones established where required, is a certified banksman available to co-ordinate lifting operations",
        "scoreType": {
          "Compliant": 2,
          "Non_Compliant": -2,
          "Scope_for_improvement": -1,
          "Commendable": 2,
          "NA": 0
        },
        "maxScore": 2
      },
      {
        "id": "37",
        "title": "Are there other breaches to lifting operations not noted above?",
        "scoreType": {
          "Compliant": 2,
          "Non_Compliant": -2,
          "Scope_for_improvement": -1,
          "Commendable": 2,
          "NA": 0
        },
        "maxScore": 2
      }
    ],
    "totalAnswered": 0,
    "totalNotes": 0,
    "totalActions": 0
  },
  {
    "title": "Working at Height",
    "questions": [
      {
        "id": "38",
        "title": "Is scaffolding inspected, tagged & handover certificate recorded?",
        "scoreType": {
          "Compliant": 2,
          "Non_Compliant": -2,
          "Scope_for_improvement": -1,
          "Commendable": 2,
          "NA": 0
        },
        "maxScore": 2
      },
      {
        "id": "39",
        "title": "Is Scaffolding signage in place?  (e.g. complete, incomplete, loading bay SWL etc…)",
        "scoreType": {
          "Compliant": 2,
          "Non_Compliant": -2,
          "Scope_for_improvement": -1,
          "Commendable": 2,
          "NA": 0
        },
        "maxScore": 2
      },
      {
        "id": "40",
        "title": "Housekeeping on the scaffolding in good order?",
        "scoreType": {
          "Compliant": 2,
          "Non_Compliant": -2,
          "Scope_for_improvement": -1,
          "Commendable": 2,
          "NA": 0
        },
        "maxScore": 2
      },
      {
        "id": "41",
        "title": "Fall protection netting in place if required?",
        "scoreType": {
          "Compliant": 2,
          "Non_Compliant": -2,
          "Scope_for_improvement": -1,
          "Commendable": 2,
          "NA": 0
        },
        "maxScore": 2
      },
      {
        "id": "42",
        "title": "Is scaffolding tied into the building & braced?",
        "scoreType": {
          "Compliant": 2,
          "Non_Compliant": -2,
          "Scope_for_improvement": -1,
          "Commendable": 2,
          "NA": 0
        },
        "maxScore": 2
      },
      {
        "id": "43",
        "title": "Scaffold boards, kick boards, sole plates, etc are in good condition?",
        "scoreType": {
          "Compliant": 2,
          "Non_Compliant": -2,
          "Scope_for_improvement": -1,
          "Commendable": 2,
          "NA": 0
        },
        "maxScore": 2
      },
      {
        "id": "44",
        "title": "Are all opes and leading edges fully protected?",
        "scoreType": {
          "Compliant": 3,
          "Non_Compliant": -3,
          "Scope_for_improvement": -1,
          "Commendable": 3,
          "NA": 0
        },
        "maxScore": 3
      },
      {
        "id": "45",
        "title": "Evidence of mobile scaffold trained operatives available to erect?",
        "scoreType": {
          "Compliant": 2,
          "Non_Compliant": -2,
          "Scope_for_improvement": -1,
          "Commendable": 2,
          "NA": 0
        },
        "maxScore": 2
      },
      {
        "id": "46",
        "title": "Mobile scaffold towers erected accordingly / safely?",
        "scoreType": {
          "Compliant": 2,
          "Non_Compliant": -2,
          "Scope_for_improvement": -1,
          "Commendable": 2,
          "NA": 0
        },
        "maxScore": 2
      },
      {
        "id": "47",
        "title": "Are mobile scaffold towers tagged?",
        "scoreType": {
          "Compliant": 2,
          "Non_Compliant": -2,
          "Scope_for_improvement": -1,
          "Commendable": 2,
          "NA": 0
        },
        "maxScore": 2
      },
      {
        "id": "48",
        "title": "Are all ladders in good condition?",
        "scoreType": {
          "Compliant": 2,
          "Non_Compliant": -2,
          "Scope_for_improvement": -1,
          "Commendable": 2,
          "NA": 0
        },
        "maxScore": 2
      },
      {
        "id": "49",
        "title": "Are all ladders suitable for use and operated in accordance with safe systems of work?",
        "scoreType": {
          "Compliant": 3,
          "Non_Compliant": -3,
          "Scope_for_improvement": -1,
          "Commendable": 3,
          "NA": 0
        },
        "maxScore": 3
      },
      {
        "id": "50",
        "title": "Are there other breaches to work at height not noted above?",
        "scoreType": {
          "Compliant": 3,
          "Non_Compliant": -3,
          "Scope_for_improvement": -1,
          "Commendable": 3,
          "NA": 0
        },
        "maxScore": 3
      }
    ],
    "totalAnswered": 0,
    "totalNotes": 0,
    "totalActions": 0
  },
  {
    "title": "Excavations",
    "questions": [
      {
        "id": "51",
        "title": "Are AF3s / excavation inspection register / permit to dig etc completed for excavations. ",
        "scoreType": {
          "Compliant": 2,
          "Non_Compliant": -2,
          "Scope_for_improvement": -1,
          "Commendable": 2,
          "NA": 0
        },
        "maxScore": 2
      },
      {
        "id": "52",
        "title": "Has the area been scanned for services?",
        "scoreType": {
          "Compliant": 2,
          "Non_Compliant": -2,
          "Scope_for_improvement": -1,
          "Commendable": 2,
          "NA": 0
        },
        "maxScore": 2
      },
      {
        "id": "53",
        "title": "Are excavations protected e.g – barriers, stop blocks, edge protection?",
        "scoreType": {
          "Compliant": 3,
          "Non_Compliant": -3,
          "Scope_for_improvement": -1,
          "Commendable": 3,
          "NA": 0
        },
        "maxScore": 3
      },
      {
        "id": "54",
        "title": "Is signage in place to highlight excavations. ",
        "scoreType": {
          "Compliant": 2,
          "Non_Compliant": -2,
          "Scope_for_improvement": -1,
          "Commendable": 2,
          "NA": 0
        },
        "maxScore": 2
      },
      {
        "id": "55",
        "title": "Is shoring provided / sides battered / trench box in place (if applicable)?",
        "scoreType": {
          "Compliant": 2,
          "Non_Compliant": -2,
          "Scope_for_improvement": -1,
          "Commendable": 2,
          "NA": 0
        },
        "maxScore": 2
      },
      {
        "id": "56",
        "title": "Are there other breaches to excavations not noted above? ",
        "scoreType": {
          "Compliant": 2,
          "Non_Compliant": -2,
          "Scope_for_improvement": -1,
          "Commendable": 2,
          "NA": 0
        },
        "maxScore": 2
      }
    ],
    "totalAnswered": 0,
    "totalNotes": 0,
    "totalActions": 0
  },
  {
    "title": "Demolition",
    "questions": [
      {
        "id": "57",
        "title": "RAMS / Asbestos Survey etc available?",
        "scoreType": {
          "Compliant": 2,
          "Non_Compliant": -2,
          "Scope_for_improvement": -1,
          "Commendable": 2,
          "NA": 0
        },
        "maxScore": 2
      },
      {
        "id": "58",
        "title": "Services identified, disconnected and LOTO applied. ",
        "scoreType": {
          "Compliant": 2,
          "Non_Compliant": -2,
          "Scope_for_improvement": -1,
          "Commendable": 2,
          "NA": 0
        },
        "maxScore": 2
      },
      {
        "id": "59",
        "title": "Adequate signage erected highlighting live services, demolition works?",
        "scoreType": {
          "Compliant": 2,
          "Non_Compliant": -2,
          "Scope_for_improvement": -1,
          "Commendable": 2,
          "NA": 0
        },
        "maxScore": 2
      },
      {
        "id": "60",
        "title": "Are there other breaches to demolition not noted above?",
        "scoreType": {
          "Compliant": 2,
          "Non_Compliant": -2,
          "Scope_for_improvement": -1,
          "Commendable": 2,
          "NA": 0
        },
        "maxScore": 2
      }
    ],
    "totalAnswered": 0,
    "totalNotes": 0,
    "totalActions": 0
  },
  {
    "title": "Chemical Safety",
    "questions": [
      {
        "id": "61",
        "title": "Is there a spill kit located on site?",
        "scoreType": {
          "Compliant": 2,
          "Non_Compliant": -2,
          "Scope_for_improvement": -1,
          "Commendable": 2,
          "NA": 0
        },
        "maxScore": 2
      },
      {
        "id": "62",
        "title": "Are fuels/oils etc stored in a bunded area?",
        "scoreType": {
          "Compliant": 2,
          "Non_Compliant": -2,
          "Scope_for_improvement": -1,
          "Commendable": 2,
          "NA": 0
        },
        "maxScore": 2
      },
      {
        "id": "63",
        "title": "Are the MSD Sheets for all identified chemicals/hazardous materials recorded on site?  Are CoSHH assessments completed where required?",
        "scoreType": {
          "Compliant": 2,
          "Non_Compliant": -2,
          "Scope_for_improvement": -1,
          "Commendable": 2,
          "NA": 0
        },
        "maxScore": 2
      },
      {
        "id": "64",
        "title": "Are flammable chemicals stored securely with restricted access.",
        "scoreType": {
          "Compliant": 2,
          "Non_Compliant": -2,
          "Scope_for_improvement": -1,
          "Commendable": 2,
          "NA": 0
        },
        "maxScore": 2
      },
      {
        "id": "65",
        "title": "Are the appropriate control systems in place, is there sufficient and adequate PPE & RPE in use or available for use?",
        "scoreType": {
          "Compliant": 2,
          "Non_Compliant": -2,
          "Scope_for_improvement": -1,
          "Commendable": 2,
          "NA": 0
        },
        "maxScore": 2
      },
      {
        "id": "66",
        "title": "Are there other breaches to chemical safety not noted above?",
        "scoreType": {
          "Compliant": 2,
          "Non_Compliant": -2,
          "Scope_for_improvement": -1,
          "Commendable": 2,
          "NA": 0
        },
        "maxScore": 2
      }
    ],
    "totalAnswered": 0,
    "totalNotes": 0,
    "totalActions": 0
  },
  {
    "title": "Electrical Safety",
    "questions": [
      {
        "id": "67",
        "title": "Are all unsafe electrical leads, cables, untested work equipment secured and/or clearly labelled to ensure no-one can use them?",
        "scoreType": {
          "Compliant": 2,
          "Non_Compliant": -2,
          "Scope_for_improvement": -1,
          "Commendable": 2,
          "NA": 0
        },
        "maxScore": 2
      },
      {
        "id": "68",
        "title": "Ensure that existing services e.g.: electricity cables, gas mains etc have been identified and effective steps have been taken to prevent danger from them?",
        "scoreType": {
          "Compliant": 2,
          "Non_Compliant": -2,
          "Scope_for_improvement": -1,
          "Commendable": 2,
          "NA": 0
        },
        "maxScore": 2
      },
      {
        "id": "69",
        "title": "There is no evidence of over-loading electrical outlets?",
        "scoreType": {
          "Compliant": 2,
          "Non_Compliant": -2,
          "Scope_for_improvement": -1,
          "Commendable": 2,
          "NA": 0
        },
        "maxScore": 2
      },
      {
        "id": "70",
        "title": "Electrical works are not taking place near water/water courses/damp or wet surfaces?",
        "scoreType": {
          "Compliant": 2,
          "Non_Compliant": -2,
          "Scope_for_improvement": -1,
          "Commendable": 2,
          "NA": 0
        },
        "maxScore": 2
      },
      {
        "id": "71",
        "title": "Check that only 110v hand tool etc are in use?",
        "scoreType": {
          "Compliant": 2,
          "Non_Compliant": -2,
          "Scope_for_improvement": -1,
          "Commendable": 2,
          "NA": 0
        },
        "maxScore": 2
      },
      {
        "id": "72",
        "title": "Check all connections are properly made and suitable plugs are used?",
        "scoreType": {
          "Compliant": 2,
          "Non_Compliant": -2,
          "Scope_for_improvement": -1,
          "Commendable": 2,
          "NA": 0
        },
        "maxScore": 2
      },
      {
        "id": "73",
        "title": "Ensure that cables and trailing leads are not trip hazards.",
        "scoreType": {
          "Compliant": 2,
          "Non_Compliant": -2,
          "Scope_for_improvement": -1,
          "Commendable": 2,
          "NA": 0
        },
        "maxScore": 2
      },
      {
        "id": "74",
        "title": "Ensure that suitable and sufficient task lighting is provided to enable operatives to safely carry out their work.",
        "scoreType": {
          "Compliant": 2,
          "Non_Compliant": -2,
          "Scope_for_improvement": -1,
          "Commendable": 2,
          "NA": 0
        },
        "maxScore": 2
      },
      {
        "id": "75",
        "title": "Are there other breaches to electrical safety not noted above?",
        "scoreType": {
          "Compliant": 2,
          "Non_Compliant": -2,
          "Scope_for_improvement": -1,
          "Commendable": 2,
          "NA": 0
        },
        "maxScore": 2
      }
    ],
    "totalAnswered": 0,
    "totalNotes": 0,
    "totalActions": 0
  },
  {
    "title": "Emergency Preparedness",
    "questions": [
      {
        "id": "76",
        "title": "Emergency Evacuation procedures documented in plan and procedures / contact details posted onsite.",
        "scoreType": {
          "Compliant": 2,
          "Non_Compliant": -2,
          "Scope_for_improvement": -1,
          "Commendable": 2,
          "NA": 0
        },
        "maxScore": 2
      },
      {
        "id": "77",
        "title": "Is there an adequate number of First Aid Boxes on site and adequately stocked",
        "scoreType": {
          "Compliant": 2,
          "Non_Compliant": -2,
          "Scope_for_improvement": -1,
          "Commendable": 2,
          "NA": 0
        },
        "maxScore": 2
      },
      {
        "id": "78",
        "title": "Is there adequate training/first aiders on site?  Are they known.",
        "scoreType": {
          "Compliant": 2,
          "Non_Compliant": -2,
          "Scope_for_improvement": -1,
          "Commendable": 2,
          "NA": 0
        },
        "maxScore": 2
      },
      {
        "id": "79",
        "title": "Certified fire extinguishers available throughout site and fire points highlighted.",
        "scoreType": {
          "Compliant": 2,
          "Non_Compliant": -2,
          "Scope_for_improvement": -1,
          "Commendable": 2,
          "NA": 0
        },
        "maxScore": 2
      },
      {
        "id": "80",
        "title": "Is fire fighting equipment tested at required intervals",
        "scoreType": {
          "Compliant": 2,
          "Non_Compliant": -2,
          "Scope_for_improvement": -1,
          "Commendable": 2,
          "NA": 0
        },
        "maxScore": 2
      },
      {
        "id": "81",
        "title": "Are escape routes established (or clearly signed)  and clear of obstructions.",
        "scoreType": {
          "Compliant": 2,
          "Non_Compliant": -2,
          "Scope_for_improvement": -1,
          "Commendable": 2,
          "NA": 0
        },
        "maxScore": 2
      },
      {
        "id": "82",
        "title": "Are incident reports completed as required and forwarded to SHEQ",
        "scoreType": {
          "Compliant": 2,
          "Non_Compliant": -2,
          "Scope_for_improvement": -1,
          "Commendable": 2,
          "NA": 0
        },
        "maxScore": 2
      },
      {
        "id": "83",
        "title": "Are there other breaches to emergency preparedness not noted above? ",
        "scoreType": {
          "Compliant": 2,
          "Non_Compliant": -2,
          "Scope_for_improvement": -1,
          "Commendable": 2,
          "NA": 0
        },
        "maxScore": 2
      }
    ],
    "totalAnswered": 0,
    "totalNotes": 0,
    "totalActions": 0
  },
  {
    "title": "Personal Protective Equipment ",
    "questions": [
      {
        "id": "84",
        "title": "Head protection in use.",
        "scoreType": {
          "Compliant": 2,
          "Non_Compliant": -2,
          "Scope_for_improvement": -1,
          "Commendable": 2,
          "NA": 0
        },
        "maxScore": 2
      },
      {
        "id": "85",
        "title": "Safety footwear in use.",
        "scoreType": {
          "Compliant": 2,
          "Non_Compliant": -2,
          "Scope_for_improvement": -1,
          "Commendable": 2,
          "NA": 0
        },
        "maxScore": 2
      },
      {
        "id": "86",
        "title": "Hi-Viz vest in use.",
        "scoreType": {
          "Compliant": 2,
          "Non_Compliant": -2,
          "Scope_for_improvement": -1,
          "Commendable": 2,
          "NA": 0
        },
        "maxScore": 2
      },
      {
        "id": "87",
        "title": "Eye protection in use (if applicable).",
        "scoreType": {
          "Compliant": 2,
          "Non_Compliant": -2,
          "Scope_for_improvement": -1,
          "Commendable": 2,
          "NA": 0
        },
        "maxScore": 2
      },
      {
        "id": "88",
        "title": "Hearing protection in use (if applicable).",
        "scoreType": {
          "Compliant": 2,
          "Non_Compliant": -2,
          "Scope_for_improvement": -1,
          "Commendable": 2,
          "NA": 0
        },
        "maxScore": 2
      },
      {
        "id": "89",
        "title": "If RPE required is it available.",
        "scoreType": {
          "Compliant": 2,
          "Non_Compliant": -2,
          "Scope_for_improvement": -1,
          "Commendable": 2,
          "NA": 0
        },
        "maxScore": 2
      },
      {
        "id": "90",
        "title": "If fall arrest / fall prevention equipment is required is it available and certified? ",
        "scoreType": {
          "Compliant": 2,
          "Non_Compliant": -2,
          "Scope_for_improvement": -1,
          "Commendable": 2,
          "NA": 0
        },
        "maxScore": 2
      },
      {
        "id": "91",
        "title": "Are there other breaches to personal protective equipment not noted above?",
        "scoreType": {
          "Compliant": 2,
          "Non_Compliant": -2,
          "Scope_for_improvement": -1,
          "Commendable": 2,
          "NA": 0
        },
        "maxScore": 2
      }
    ],
    "totalAnswered": 0,
    "totalNotes": 0,
    "totalActions": 0
  },
  {
    "title": "Environmental & Waste Management",
    "questions": [
      {
        "id": "92",
        "title": "Designated set down areas for skips – waste management compound.",
        "scoreType": {
          "Compliant": 2,
          "Non_Compliant": -2,
          "Scope_for_improvement": -1,
          "Commendable": 2,
          "NA": 0
        },
        "maxScore": 2
      },
      {
        "id": "93",
        "title": "Adequate supply of skips / bins.",
        "scoreType": {
          "Compliant": 2,
          "Non_Compliant": -2,
          "Scope_for_improvement": -1,
          "Commendable": 2,
          "NA": 0
        },
        "maxScore": 2
      },
      {
        "id": "94",
        "title": "Environmental / Waste Management Plan in place?  Have Environmental Aspects & Impacts / Hazards & Risks being identified.",
        "scoreType": {
          "Compliant": 2,
          "Non_Compliant": -2,
          "Scope_for_improvement": -1,
          "Commendable": 2,
          "NA": 0
        },
        "maxScore": 2
      },
      {
        "id": "95",
        "title": "Are waste transfer notes / permits available. ",
        "scoreType": {
          "Compliant": 2,
          "Non_Compliant": -2,
          "Scope_for_improvement": -1,
          "Commendable": 2,
          "NA": 0
        },
        "maxScore": 2
      },
      {
        "id": "96",
        "title": "Are all environmental controls as identified in Prelim / Env Plan in place and been completed.",
        "scoreType": {
          "Compliant": 2,
          "Non_Compliant": -2,
          "Scope_for_improvement": -1,
          "Commendable": 2,
          "NA": 0
        },
        "maxScore": 2
      },
      {
        "id": "97",
        "title": "Are there other breaches to environmental & waste management not noted above?",
        "scoreType": {
          "Compliant": 2,
          "Non_Compliant": -2,
          "Scope_for_improvement": -1,
          "Commendable": 2,
          "NA": 0
        },
        "maxScore": 2
      }
    ],
    "totalAnswered": 0,
    "totalNotes": 0,
    "totalActions": 0
  },
  {
    "title": "Quality",
    "questions": [
      {
        "id": "98",
        "title": "Drawing controls in place ",
        "scoreType": {
          "Compliant": 2,
          "Non_Compliant": -2,
          "Scope_for_improvement": -1,
          "Commendable": 2,
          "NA": 0
        },
        "maxScore": 2
      },
      {
        "id": "99",
        "title": "Are calibration certificates available for equipment onsite if required. ",
        "scoreType": {
          "Compliant": 2,
          "Non_Compliant": -2,
          "Scope_for_improvement": -1,
          "Commendable": 2,
          "NA": 0
        },
        "maxScore": 2
      },
      {
        "id": "100",
        "title": "Are requests for information (RFI) recorded.",
        "scoreType": {
          "Compliant": 2,
          "Non_Compliant": -2,
          "Scope_for_improvement": -1,
          "Commendable": 2,
          "NA": 0
        },
        "maxScore": 2
      },
      {
        "id": "101",
        "title": "Do regular meetings / discussions take place, are minutes recorded.",
        "scoreType": {
          "Compliant": 2,
          "Non_Compliant": -2,
          "Scope_for_improvement": -1,
          "Commendable": 2,
          "NA": 0
        },
        "maxScore": 2
      },
      {
        "id": "102",
        "title": "Are quality non-conformances recorded. ",
        "scoreType": {
          "Compliant": 2,
          "Non_Compliant": -2,
          "Scope_for_improvement": -1,
          "Commendable": 2,
          "NA": 0
        },
        "maxScore": 2
      },
      {
        "id": "103",
        "title": "Are there other breaches to quality not noted above? ",
        "scoreType": {
          "Compliant": 2,
          "Non_Compliant": -2,
          "Scope_for_improvement": -1,
          "Commendable": 2,
          "NA": 0
        },
        "maxScore": 2
      }
    ],
    "totalAnswered": 0,
    "totalNotes": 0,
    "totalActions": 0
  },
  {
    "title": "Site Accommodation",
    "questions": [
      {
        "id": "104",
        "title": "Welfare facilities available and in good condition with regular cleaning regimes taking place.  ",
        "scoreType": {
          "Compliant": 2,
          "Non_Compliant": -2,
          "Scope_for_improvement": -1,
          "Commendable": 2,
          "NA": 0
        },
        "maxScore": 2
      },
      {
        "id": "105",
        "title": "Is hot running water, hand soap and drier available in toilet facilities?",
        "scoreType": {
          "Compliant": 2,
          "Non_Compliant": -2,
          "Scope_for_improvement": -1,
          "Commendable": 2,
          "NA": 0
        },
        "maxScore": 2
      },
      {
        "id": "106",
        "title": "Is a means of heating food and making hot drinks available in the canteen facility?",
        "scoreType": {
          "Compliant": 2,
          "Non_Compliant": -2,
          "Scope_for_improvement": -1,
          "Commendable": 2,
          "NA": 0
        },
        "maxScore": 2
      },
      {
        "id": "107",
        "title": "Is there a drying room available to change, dry and store clothing?",
        "scoreType": {
          "Compliant": 2,
          "Non_Compliant": -2,
          "Scope_for_improvement": -1,
          "Commendable": 2,
          "NA": 0
        },
        "maxScore": 2
      },
      {
        "id": "108",
        "title": "Are there other breaches to site accommodation not noted above?",
        "scoreType": {
          "Compliant": 2,
          "Non_Compliant": -2,
          "Scope_for_improvement": -1,
          "Commendable": 2,
          "NA": 0
        },
        "maxScore": 2
      }
    ],
    "totalAnswered": 0,
    "totalNotes": 0,
    "totalActions": 0
  },
  {
    "title": "Housekeeping",
    "questions": [
      {
        "id": "109",
        "title": "Are work areas clear of hazards?",
        "scoreType": {
          "Compliant": 3,
          "Non_Compliant": -3,
          "Scope_for_improvement": -1,
          "Commendable": 3,
          "NA": 0
        },
        "maxScore": 3
      },
      {
        "id": "110",
        "title": "Are contractors cleaning as they go ",
        "scoreType": {
          "Compliant": 3,
          "Non_Compliant": -3,
          "Scope_for_improvement": -1,
          "Commendable": 3,
          "NA": 0
        },
        "maxScore": 3
      },
      {
        "id": "111",
        "title": "Has segregated storage been provided?  Is it in good order?",
        "scoreType": {
          "Compliant": 2,
          "Non_Compliant": -2,
          "Scope_for_improvement": -1,
          "Commendable": 2,
          "NA": 0
        },
        "maxScore": 2
      },
      {
        "id": "112",
        "title": "Are there other breaches to housekeeping not noted above?",
        "scoreType": {
          "Compliant": 2,
          "Non_Compliant": -2,
          "Scope_for_improvement": -1,
          "Commendable": 2,
          "NA": 0
        },
        "maxScore": 2
      }
    ],
    "totalAnswered": 0,
    "totalNotes": 0,
    "totalActions": 0
  },
  {
    "title": "Permits",
    "questions": [
      {
        "id": "113",
        "title": "Are permits issued as required and valid for work conditions and closed correctly?",
        "scoreType": {
          "Compliant": 2,
          "Non_Compliant": -2,
          "Scope_for_improvement": -1,
          "Commendable": 2,
          "NA": 0
        },
        "maxScore": 2,
        "selectedScoreType": "Compliant",
        "score": 2,
        "notes": "SS Q2",
        "actions": [
          {
            "id": "06bb18d7-7753-4db3-a0f3-36fba35ac022",
            "action": "this is a action",
            "requiredDate": "2023-04-27",
            "subcontractor": "24/7 Diamond Drilling "
          }
        ]
      },
      {
        "id": "114",
        "title": "Are cylinders / gases stored securely in an upright position?",
        "scoreType": {
          "Compliant": 2,
          "Non_Compliant": -2,
          "Scope_for_improvement": -1,
          "Commendable": 2,
          "NA": 0
        },
        "maxScore": 2,
        "selectedScoreType": "Compliant",
        "score": 2,
        "actions": [
          {
            "id": "697a9296-bf47-4768-9665-7594ef6c470c",
            "action": "this is a action",
            "requiredDate": "2023-04-27",
            "subcontractor": "AA Tiling Services Ltd"
          }
        ],
        "notes": "SS Q2"
      },
      {
        "id": "115",
        "title": "Are relevant controls in place?",
        "scoreType": {
          "Compliant": 2,
          "Non_Compliant": -2,
          "Scope_for_improvement": -1,
          "Commendable": 2,
          "NA": 0
        },
        "maxScore": 2,
        "notes": "SS Q2",
        "selectedScoreType": "Compliant",
        "score": 2
      },
      {
        "id": "116",
        "title": "Are there other breaches to permits not noted above?",
        "scoreType": {
          "Compliant": 2,
          "Non_Compliant": -2,
          "Scope_for_improvement": -1,
          "Commendable": 2,
          "NA": 0
        },
        "maxScore": 2,
        "selectedScoreType": "Compliant",
        "score": 2,
        "notes": "SS Q2",
        "actions": [
          {
            "id": "c870dc92-6467-46dc-84d4-b17f50e24d5e",
            "action": "this is a action",
            "requiredDate": "2023-04-27",
            "subcontractor": "3MB Engineering Ltd"
          }
        ]
      }
    ],
    "totalAnswered": 4,
    "totalNotes": 4,
    "totalActions": 3
  },
  {
    "title": "Health Management ",
    "questions": [
      {
        "id": "117",
        "title": "Are suitable controls in place to protect operatives against airborne dust, vibration, noise, musclosketal?",
        "scoreType": {
          "Compliant": 2,
          "Non_Compliant": -2,
          "Scope_for_improvement": -1,
          "Commendable": 2,
          "NA": 0
        },
        "maxScore": 2,
        "selectedScoreType": "Compliant",
        "score": 2,
        "notes": "SS Q2",
        "actions": [
          {
            "id": "fb1257e3-1e46-4483-8693-b5e28157b604",
            "action": "this is a action",
            "requiredDate": "2023-04-26",
            "subcontractor": "24/7 Diamond Drilling "
          }
        ]
      },
      {
        "id": "118",
        "title": "Are there other breaches to health management  not noted above?",
        "scoreType": {
          "Compliant": 2,
          "Non_Compliant": -2,
          "Scope_for_improvement": -1,
          "Commendable": 2,
          "NA": 0
        },
        "maxScore": 2,
        "selectedScoreType": "Compliant",
        "score": 2,
        "actions": [
          {
            "id": "f087afd3-7c0e-4a46-80a3-36c58dbd39cc",
            "action": "this is a action",
            "requiredDate": "2023-04-12",
            "subcontractor": "AA Tiling Services Ltd"
          }
        ],
        "notes": "SS Q2"
      }
    ],
    "totalAnswered": 2,
    "totalNotes": 1,
    "totalActions": 1
  },
  {
    "title": "Covid ",
    "questions": [
      {
        "id": "119",
        "title": "Is covid being managed inline with current guidance?",
        "scoreType": {
          "Compliant": 2,
          "Non_Compliant": -2,
          "Scope_for_improvement": -1,
          "Commendable": 2,
          "NA": 0
        },
        "maxScore": 2
      }
    ],
    "totalAnswered": 0,
    "totalNotes": 0,
    "totalActions": 0
  }
]